{"cameraMode":{"drawMode":0,"name":"Shaded","section":"Shading Mode"},"sceneLighting":true,"audioPlay":false,"sceneViewState":{"m_AlwaysRefresh":false,"showFog":true,"showSkybox":true,"showFlares":true,"showImageEffects":true,"showParticleSystems":true,"showVisualEffectGraphs":true,"m_FxEnabled":true},"in2DMode":false,"pivot":{"x":39.86815643310547,"y":-1.0768775939941407,"z":30.479103088378908},"rotation":{"x":-0.22861629724502564,"y":-0.12141598761081696,"z":0.028727231547236444,"w":-0.9655035734176636},"size":137.7584991455078,"orthographic":false}